﻿pos_x,pos_y,rotation,side,designator,mpn,pack,footprint,value,mount_type
133.85,-59.08,90.0,bottom,BOOT1,,,SW_SPST_TL3342,SW_Push,smt
154.37,-18.16,-90.0,bottom,C1,,,C_0603_1608Metric,1000u,smt
137.9,-43.95,-90.0,bottom,C10,,,C_0402_1005Metric,100n,smt
137.8975,-31.73,90.0,bottom,C11,,,C_0402_1005Metric,100n,smt
166.09,-58.865,180.0,bottom,C112,,,C_0402_1005Metric,0.1uF,smt
134.4175,-31.84,90.0,bottom,C12,,,C_0402_1005Metric,100n,smt
129.83,-29.04,180.0,bottom,C127,,,C_0402_1005Metric,1uF,smt
126.93,-31.88,180.0,bottom,C128,,,C_0402_1005Metric,1uF,smt
134.7,-25.4,0.0,bottom,C129,,,C_0402_1005Metric,100nF,smt
129.7,-37.67,180.0,bottom,C13,,,C_0402_1005Metric,100n,smt
133.4175,-32.92,90.0,bottom,C14,,,C_0402_1005Metric,100n,smt
132.4175,-41.6,-90.0,bottom,C15,,,C_0402_1005Metric,100n,smt
143.66,-37.82,0.0,bottom,C16,,,C_0402_1005Metric,100n,smt
149.5,-25.39,90.0,bottom,C17,,,C_0402_1005Metric,100nF,smt
132.96,-29.65,-90.0,bottom,C18,,,C_0402_1005Metric,100nF,smt
155.99,-18.16,-90.0,bottom,C2,,,C_0603_1608Metric,0.1u,smt
149.195,-37.675,-90.0,bottom,C3,,,C_0402_1005Metric,22p,smt
151.985,-34.425,0.0,bottom,C4,,,C_0402_1005Metric,22p,smt
120.62,-47.28,180.0,bottom,C5,,,C_0402_1005Metric,1u,smt
143.67,-38.83,0.0,bottom,C6,,,C_0402_1005Metric,1u,smt
130.52,-39.86,180.0,bottom,C7,,,C_0402_1005Metric,100n,smt
126.73,-33.11,180.0,bottom,C8,,,C_0603_1608Metric,10u,smt
133.46,-42.64,-90.0,bottom,C9,,,C_0402_1005Metric,1u,smt
133.57,-23.56,180.0,bottom,F1,,,Fuse_1206_3216Metric,3.0A 1206 Polyfuse,smt
141.86,-23.53,0.0,bottom,F2,,,Fuse_1206_3216Metric,3.0A 1206 Polyfuse,smt
127.81,-16.88,0.0,bottom,J1,,,USB_C_Receptacle_HRO_TYPE-C-31-M-12,USB_C_Receptacle_USB2.0_16P,smt
141.78,-62.66,90.0,top,J2,,,PinHeader_1x05_P2.54mm_Vertical,Conn_01x05,tht
181.15,-57.75,180.0,bottom,J4,,,JST_XH_S3B-XH-A-1_1x03_P2.50mm_Horizontal,Conn_01x03,tht
145.7,-16.88,0.0,bottom,J5,,,USB_C_Receptacle_HRO_TYPE-C-31-M-12,USB_C_Receptacle_USB2.0_16P,smt
124.22,-23.33,90.0,bottom,R1,,,R_0402_1005Metric,5.1k,smt
146.34,-28.54,0.0,bottom,R10,,,R_0402_1005Metric,5.1k,smt
144.34,-28.06,0.0,bottom,R11,,,R_0402_1005Metric,5.1k,smt
130.53,-27.4,0.0,bottom,R12,,,R_0402_1005Metric,665,smt
137.76,-27.71,-90.0,bottom,R13,,,R_0402_1005Metric,30k,smt
137.76,-25.77,-90.0,bottom,R14,,,R_0402_1005Metric,10k,smt
130.25,-23.88,-90.0,bottom,R2,,,R_0402_1005Metric,5.1k,smt
124.42,-54.08,0.0,bottom,R3,,,R_0402_1005Metric,5.1k,smt
132.48,-52.14,0.0,bottom,R4,,,R_0402_1005Metric,5.1k,smt
132.46,-53.17,180.0,bottom,R5,,,R_0402_1005Metric,5.1k,smt
132.48,-54.19,0.0,bottom,R6,,,R_0402_1005Metric,1k,smt
153.975,-34.425,0.0,bottom,R7,,,R_0402_1005Metric,1k,smt
128.01,-27.47,-90.0,bottom,R8,,,R_0402_1005Metric,27,smt
126.97,-27.46,-90.0,bottom,R9,,,R_0402_1005Metric,27,smt
125.8,-59.08,90.0,bottom,RST1,,,SW_SPST_TL3342,SW_Push,smt
136.9,-37.66,-90.0,bottom,U1,,,QFN-56-1EP_7x7mm_P0.4mm_EP3.2x3.2mm,RP2040,smt
122.965,-41.44,-90.0,bottom,U2,,,SOIC-8_5.23x5.23mm_P1.27mm,W25Q128JVS,smt
130.3,-31.46,90.0,bottom,U3,,,SOT-23,XC6206PxxxMR-Regulator_Linear,smt
155.858,-39.27,90.0,top,U4,,,ILI9341_2.8in_Touch,TFT_320x240,smt
145.62,-26.09,-90.0,bottom,U5,,,Texas_X2QFN-12_1.6x1.6mm_P0.4mm,TUSB320,smt
168.94,-57.615,-90.0,bottom,U6,,SOT-23-5 Texas Instruments,SOT95P280X145-5N,SN74AHCT1G125DBVR,smt
127.5125,-24.65,180.0,bottom,U7,,,SOT-23-6-routable,SRV05-4,smt
133.28,-27.150001,-90.0,bottom,U8,,,RUX0012A,TPS2121RUXT,smt
152.635,-37.285,-90.0,bottom,Y1,,,Crystal_SMD_3225-4Pin_3.2x2.5mm,Crystal_GND24,smt
