﻿Designator,Quantity,Value,Footprint,Package,MPN,DNP,Mount_Type,LCSC,Description,MF,Description_1,Price,SnapEDA_Link,MP,Availability,Check_prices
"BOOT1, RST1",2,SW_Push,SW_SPST_TL3342,,,,smt,,,,,,,,,
C1,1,1000u,C_0603_1608Metric,,,,smt,,,,,,,,,
"C10, C11, C12, C13, C14, C15, C16, C7",8,100n,C_0402_1005Metric,,,,smt,,,,,,,,,
C112,1,0.1uF,C_0402_1005Metric,,,,smt,C307331,,,,,,,,
"C127, C128",2,1uF,C_0402_1005Metric,,,,smt,C307331,,,,,,,,
"C129, C17, C18",3,100nF,C_0402_1005Metric,,,,smt,C307331,,,,,,,,
C2,1,0.1u,C_0603_1608Metric,,,,smt,,,,,,,,,
"C3, C4",2,22p,C_0402_1005Metric,,,,smt,,,,,,,,,
"C5, C6, C9",3,1u,C_0402_1005Metric,,,,smt,,,,,,,,,
C8,1,10u,C_0603_1608Metric,,,,smt,,,,,,,,,
"F1, F2",2,3.0A 1206 Polyfuse,Fuse_1206_3216Metric,,,,smt,,,,,,,,,
"J1, J5",2,USB_C_Receptacle_USB2.0_16P,USB_C_Receptacle_HRO_TYPE-C-31-M-12,,,,smt,,USB 2.0-only 16P Type-C Receptacle connector,,,,,,,
J2,1,Conn_01x05,PinHeader_1x05_P2.54mm_Vertical,,,,tht,,"Generic connector, single row, 01x05, script generated (kicad-library-utils/schlib/autogen/connector/)",,,,,,,
J4,1,Conn_01x03,JST_XH_S3B-XH-A-1_1x03_P2.50mm_Horizontal,,,,tht,,"Generic connector, single row, 01x03, script generated (kicad-library-utils/schlib/autogen/connector/)",,,,,,,
"R1, R10, R11, R2, R3, R4, R5",7,5.1k,R_0402_1005Metric,,,,smt,,,,,,,,,
R12,1,665,R_0402_1005Metric,,,,smt,,,,,,,,,
R13,1,30k,R_0402_1005Metric,,,,smt,,,,,,,,,
R14,1,10k,R_0402_1005Metric,,,,smt,,,,,,,,,
"R6, R7",2,1k,R_0402_1005Metric,,,,smt,,,,,,,,,
"R8, R9",2,27,R_0402_1005Metric,,,,smt,,,,,,,,,
U1,1,RP2040,QFN-56-1EP_7x7mm_P0.4mm_EP3.2x3.2mm,,,,smt,,,,,,,,,
U10,1,TFT_320x240,TFT-320x240,,,,tht,,,,,,,,,
U2,1,W25Q128JVS,SOIC-8_5.23x5.23mm_P1.27mm,,,,smt,,,,,,,,,
U3,1,XC6206PxxxMR-Regulator_Linear,SOT-23,,,,smt,C5446,,,,,,,,
U5,1,TUSB320,Texas_X2QFN-12_1.6x1.6mm_P0.4mm,,,,smt,,"USB Type-C Configuration Channel Logic and Port Control, X2QFN-12",,,,,,,
U6,1,SN74AHCT1G125DBVR,SOT95P280X145-5N,SOT-23-5 Texas Instruments,,,smt,,,Texas Instruments,"
                        
                            Single 4.5-V to 5.5-V buffer with TTL-compatible CMOS inputs and 3-state outputs
                        
",None,https://www.snapeda.com/parts/SN74AHCT1G125DBVR/Texas+Instruments/view-part/?ref=snap,SN74AHCT1G125DBVR,In Stock,https://www.snapeda.com/parts/SN74AHCT1G125DBVR/Texas+Instruments/view-part/?ref=eda
U7,1,SRV05-4,SOT-23-6-routable,,,,smt,,,,,,,,,
U8,1,TPS2121RUXT,RUX0012A,,,,smt,,,,,,,,,
Y1,1,Crystal_GND24,Crystal_SMD_3225-4Pin_3.2x2.5mm,,,,smt,,,,,,,,,
