﻿pos_x,pos_y,rotation,side,designator,mpn,pack,footprint,value,mount_type
48.494,-71.771439,90.0,bottom,BOOT1,,,SW_SPST_TL3342,SW_Push,smt
85.29,-63.6,90.0,bottom,C1,,,CP_EIA-7343-31_Kemet-D,330u,smt
52.544,-56.641439,-90.0,bottom,C10,,,C_0402_1005Metric,100n,smt
52.5415,-44.421439,90.0,bottom,C11,,,C_0402_1005Metric,100n,smt
81.98,-74.98,-90.0,bottom,C112,,,C_0402_1005Metric,0.1uF,smt
49.0615,-44.531439,90.0,bottom,C12,,,C_0402_1005Metric,100n,smt
44.474,-41.731439,180.0,bottom,C127,,,C_0402_1005Metric,1uF,smt
41.574,-44.571439,180.0,bottom,C128,,,C_0402_1005Metric,1uF,smt
49.344,-38.091439,0.0,bottom,C129,,,C_0402_1005Metric,100nF,smt
44.344,-50.361439,180.0,bottom,C13,,,C_0402_1005Metric,100n,smt
48.0615,-45.611439,90.0,bottom,C14,,,C_0402_1005Metric,100n,smt
47.0615,-54.291439,-90.0,bottom,C15,,,C_0402_1005Metric,100n,smt
58.304,-50.511439,0.0,bottom,C16,,,C_0402_1005Metric,100n,smt
64.144,-38.081439,90.0,bottom,C17,,,C_0402_1005Metric,100nF,smt
47.604,-42.341439,-90.0,bottom,C18,,,C_0402_1005Metric,100nF,smt
75.1,-63.62,90.0,bottom,C19,,,CP_EIA-7343-31_Kemet-D,330u,smt
66.83,-30.1,-90.0,bottom,C2,,,C_0603_1608Metric,0.1u,smt
80.25,-63.6,90.0,bottom,C20,,,CP_EIA-7343-31_Kemet-D,330u,smt
63.839,-50.366439,-90.0,bottom,C3,,,C_0402_1005Metric,22p,smt
66.629,-47.116439,0.0,bottom,C4,,,C_0402_1005Metric,22p,smt
35.264,-59.971439,180.0,bottom,C5,,,C_0402_1005Metric,1u,smt
58.314,-51.521439,0.0,bottom,C6,,,C_0402_1005Metric,1u,smt
45.164,-52.551439,180.0,bottom,C7,,,C_0402_1005Metric,100n,smt
41.374,-45.801439,180.0,bottom,C8,,,C_0603_1608Metric,10u,smt
48.104,-55.331439,-90.0,bottom,C9,,,C_0402_1005Metric,1u,smt
48.214,-36.251439,180.0,bottom,F1,,,Fuse_1206_3216Metric,3.0A 1206 Polyfuse,smt
56.504,-36.221439,0.0,bottom,F2,,,Fuse_1206_3216Metric,3.0A 1206 Polyfuse,smt
42.454,-29.571439,0.0,bottom,J1,,,USB_C_Receptacle_HRO_TYPE-C-31-M-12,USB_C_Receptacle_USB2.0_16P,smt
56.424,-75.351439,90.0,top,J2,,,PinHeader_1x05_P2.54mm_Vertical,Conn_01x05,tht
95.794,-70.441439,180.0,bottom,J4,,,JST_XH_S3B-XH-A-1_1x03_P2.50mm_Horizontal,Conn_01x03,tht
60.344,-29.571439,0.0,bottom,J5,,,USB_C_Receptacle_HRO_TYPE-C-31-M-12,USB_C_Receptacle_USB2.0_16P,smt
38.864,-36.021439,90.0,bottom,R1,,,R_0402_1005Metric,5.1k,smt
60.984,-41.231439,0.0,bottom,R10,,,R_0402_1005Metric,5.1k,smt
58.984,-40.751439,0.0,bottom,R11,,,R_0402_1005Metric,5.1k,smt
45.174,-40.091439,0.0,bottom,R12,,,R_0402_1005Metric,665,smt
52.404,-40.401439,-90.0,bottom,R13,,,R_0402_1005Metric,30k,smt
52.404,-38.461439,-90.0,bottom,R14,,,R_0402_1005Metric,10k,smt
44.894,-36.571439,-90.0,bottom,R2,,,R_0402_1005Metric,5.1k,smt
39.064,-66.771439,0.0,bottom,R3,,,R_0402_1005Metric,5.1k,smt
47.124,-64.831439,0.0,bottom,R4,,,R_0402_1005Metric,5.1k,smt
47.104,-65.861439,180.0,bottom,R5,,,R_0402_1005Metric,5.1k,smt
47.124,-66.881439,0.0,bottom,R6,,,R_0402_1005Metric,1k,smt
68.619,-47.116439,0.0,bottom,R7,,,R_0402_1005Metric,1k,smt
42.654,-40.161439,-90.0,bottom,R8,,,R_0402_1005Metric,27,smt
41.614,-40.151439,-90.0,bottom,R9,,,R_0402_1005Metric,27,smt
40.444,-71.771439,90.0,bottom,RST1,,,SW_SPST_TL3342,SW_Push,smt
51.544,-50.351439,-90.0,bottom,U1,,,QFN-56-1EP_7x7mm_P0.4mm_EP3.2x3.2mm,RP2040,smt
37.609,-54.131439,-90.0,bottom,U2,,,SOIC-8_5.23x5.23mm_P1.27mm,W25Q128JVS,smt
44.944,-44.151439,90.0,bottom,U3,,,SOT-23,XC6206PxxxMR-Regulator_Linear,smt
70.502,-51.961439,90.0,top,U4,,,ILI9341_2.8in_Touch,TFT_320x240,smt
60.264,-38.781439,-90.0,bottom,U5,,,Texas_X2QFN-12_1.6x1.6mm_P0.4mm,TUSB320,smt
84.29,-73.245,-90.0,bottom,U6,,SOT-23-5 Texas Instruments,SOT95P280X145-5N,SN74AHCT1G125DBVR,smt
42.1565,-37.341439,180.0,bottom,U7,,,SOT-23-6-routable,SRV05-4,smt
47.924,-39.84144,-90.0,bottom,U8,,,RUX0012A,TPS2121RUXT,smt
67.279,-49.976439,-90.0,bottom,Y1,,,Crystal_SMD_3225-4Pin_3.2x2.5mm,Crystal_GND24,smt
